{
    "materials": {
        "ambient": {
            "a": 1.0,
            "b": 0.20000000298023224,
            "g": 0.20000000298023224,
            "r": 0.20000000298023224
        }
    },
    "model": {
        "position": {
            "x": 0.0,
            "y": 0.0,
            "z": 0.0
        },
        "rotation": {
            "x": -90.0,
            "y": 0.0,
            "z": 0.0
        },
        "scale": 0.4000000059604645
    },
    "thumbnail": {
        "background": {
            "a": 255.0,
            "b": 255.0,
            "g": 255.0,
            "r": 255.0
        },
        "camera": {
            "fov": 45.0,
            "position": {
                "x": 10.0,
                "y": 10.0,
                "z": 10.0
            },
            "target": {
                "x": 0.0,
                "y": 0.0,
                "z": -10.0
            }
        },
        "size": {
            "height": 128,
            "width": 128
        }
    }
}
